INSERT INTO Positions(employee_id,update_time,longitude,latitude,work_status,kind) VALUES("0000000001","2018-01-02 00:00:00",0,0,'on','car');
INSERT INTO Positions(employee_id,update_time,longitude,latitude,work_status,kind) VALUES("0000000002","2018-01-02 00:00:00",0,0,'on','car');
INSERT INTO Positions(employee_id,update_time,longitude,latitude,work_status,kind) VALUES("0000000003","2018-01-02 00:00:00",0,0,'on','car');
INSERT INTO Positions(employee_id,update_time,longitude,latitude,work_status,kind) VALUES("0000000004","2018-01-02 00:00:00",0,0,'on','car');
INSERT INTO Positions(employee_id,update_time,longitude,latitude,work_status,kind) VALUES("0000000005","2018-01-02 00:00:00",0,0,'on','car');
INSERT INTO Positions(employee_id,update_time,longitude,latitude,work_status,kind) VALUES("0000000006","2018-01-02 00:00:00",0,0,'on','car');
INSERT INTO Positions(employee_id,update_time,longitude,latitude,work_status,kind) VALUES("0000000007","2018-01-02 00:00:00",0,0,'on','car');
INSERT INTO Positions(employee_id,update_time,longitude,latitude,work_status,kind) VALUES("0000000008","2018-01-02 00:00:00",0,0,'on','car');
INSERT INTO Positions(employee_id,update_time,longitude,latitude,work_status,kind) VALUES("0000000009","2018-01-02 00:00:00",0,0,'on','car');
INSERT INTO Positions(employee_id,update_time,longitude,latitude,work_status,kind) VALUES("0000000010","2018-01-02 00:00:00",0,0,'on','car');
INSERT INTO Positions(employee_id,update_time,longitude,latitude,work_status,kind) VALUES("0000000011","2018-01-02 00:00:00",0,0,'on','person');
INSERT INTO Positions(employee_id,update_time,longitude,latitude,work_status,kind) VALUES("0000000012","2018-01-02 00:00:00",0,0,'on','person');
INSERT INTO Positions(employee_id,update_time,longitude,latitude,work_status,kind) VALUES("0000000013","2018-01-02 00:00:00",0,0,'on','person');
INSERT INTO Positions(employee_id,update_time,longitude,latitude,work_status,kind) VALUES("0000000014","2018-01-02 00:00:00",0,0,'on','person');
INSERT INTO Positions(employee_id,update_time,longitude,latitude,work_status,kind) VALUES("0000000015","2018-01-02 00:00:00",0,0,'on','person');
INSERT INTO Positions(employee_id,update_time,longitude,latitude,work_status,kind) VALUES("0000000016","2018-01-02 00:00:00",0,0,'on','person');
INSERT INTO Positions(employee_id,update_time,longitude,latitude,work_status,kind) VALUES("0000000017","2018-01-02 00:00:00",0,0,'on','person');
INSERT INTO Positions(employee_id,update_time,longitude,latitude,work_status,kind) VALUES("0000000018","2018-01-02 00:00:00",0,0,'on','person');
INSERT INTO Positions(employee_id,update_time,longitude,latitude,work_status,kind) VALUES("0000000019","2018-01-02 00:00:00",0,0,'on','person');
INSERT INTO Positions(employee_id,update_time,longitude,latitude,work_status,kind) VALUES("0000000020","2018-01-02 00:00:00",0,0,'on','person');
INSERT INTO Positions(employee_id,update_time,longitude,latitude,work_status,kind) VALUES("0000000021","2018-01-02 00:00:00",0,0,'on','person');
INSERT INTO Positions(employee_id,update_time,longitude,latitude,work_status,kind) VALUES("0000000022","2018-01-02 00:00:00",0,0,'on','person');
INSERT INTO Positions(employee_id,update_time,longitude,latitude,work_status,kind) VALUES("0000000023","2018-01-02 00:00:00",0,0,'on','person');
INSERT INTO Positions(employee_id,update_time,longitude,latitude,work_status,kind) VALUES("0000000024","2018-01-02 00:00:00",0,0,'on','person');
INSERT INTO Positions(employee_id,update_time,longitude,latitude,work_status,kind) VALUES("0000000025","2018-01-02 00:00:00",0,0,'on','person');
INSERT INTO Positions(employee_id,update_time,longitude,latitude,work_status,kind) VALUES("0000000026","2018-01-02 00:00:00",0,0,'on','person');
INSERT INTO Positions(employee_id,update_time,longitude,latitude,work_status,kind) VALUES("0000000027","2018-01-02 00:00:00",0,0,'on','person');
INSERT INTO Positions(employee_id,update_time,longitude,latitude,work_status,kind) VALUES("0000000028","2018-01-02 00:00:00",0,0,'on','person');
INSERT INTO Positions(employee_id,update_time,longitude,latitude,work_status,kind) VALUES("0000000029","2018-01-02 00:00:00",0,0,'on','person');
INSERT INTO Positions(employee_id,update_time,longitude,latitude,work_status,kind) VALUES("0000000030","2018-01-02 00:00:00",0,0,'on','person');
INSERT INTO Positions(employee_id,update_time,longitude,latitude,work_status,kind) VALUES("0000000031","2018-01-02 00:00:00",0,0,'on','person');
INSERT INTO Positions(employee_id,update_time,longitude,latitude,work_status,kind) VALUES("0000000032","2018-01-02 00:00:00",0,0,'on','person');
INSERT INTO Positions(employee_id,update_time,longitude,latitude,work_status,kind) VALUES("0000000033","2018-01-02 00:00:00",0,0,'on','person');
INSERT INTO Positions(employee_id,update_time,longitude,latitude,work_status,kind) VALUES("0000000034","2018-01-02 00:00:00",0,0,'on','person');
INSERT INTO Positions(employee_id,update_time,longitude,latitude,work_status,kind) VALUES("0000000035","2018-01-02 00:00:00",0,0,'on','person');
INSERT INTO Positions(employee_id,update_time,longitude,latitude,work_status,kind) VALUES("0000000036","2018-01-02 00:00:00",0,0,'on','person');
INSERT INTO Positions(employee_id,update_time,longitude,latitude,work_status,kind) VALUES("0000000037","2018-01-02 00:00:00",0,0,'on','person');
INSERT INTO Positions(employee_id,update_time,longitude,latitude,work_status,kind) VALUES("0000000038","2018-01-02 00:00:00",0,0,'on','person');
INSERT INTO Positions(employee_id,update_time,longitude,latitude,work_status,kind) VALUES("0000000039","2018-01-02 00:00:00",0,0,'on','person');
INSERT INTO Positions(employee_id,update_time,longitude,latitude,work_status,kind) VALUES("0000000040","2018-01-02 00:00:00",0,0,'on','person');
INSERT INTO Positions(employee_id,update_time,longitude,latitude,work_status,kind) VALUES("0000000041","2018-01-02 00:00:00",0,0,'on','person');
INSERT INTO Positions(employee_id,update_time,longitude,latitude,work_status,kind) VALUES("0000000042","2018-01-02 00:00:00",0,0,'on','person');
INSERT INTO Positions(employee_id,update_time,longitude,latitude,work_status,kind) VALUES("0000000043","2018-01-02 00:00:00",0,0,'on','person');
INSERT INTO Positions(employee_id,update_time,longitude,latitude,work_status,kind) VALUES("0000000044","2018-01-02 00:00:00",0,0,'on','person');
INSERT INTO Positions(employee_id,update_time,longitude,latitude,work_status,kind) VALUES("0000000045","2018-01-02 00:00:00",0,0,'on','person');
INSERT INTO Positions(employee_id,update_time,longitude,latitude,work_status,kind) VALUES("0000000046","2018-01-02 00:00:00",0,0,'on','person');
INSERT INTO Positions(employee_id,update_time,longitude,latitude,work_status,kind) VALUES("0000000047","2018-01-02 00:00:00",0,0,'on','person');
INSERT INTO Positions(employee_id,update_time,longitude,latitude,work_status,kind) VALUES("0000000048","2018-01-02 00:00:00",0,0,'on','person');
INSERT INTO Positions(employee_id,update_time,longitude,latitude,work_status,kind) VALUES("0000000049","2018-01-02 00:00:00",114.984123,32.750096,'on','bin');
INSERT INTO Positions(employee_id,update_time,longitude,latitude,work_status,kind) VALUES("0000000050","2018-01-02 00:00:00",114.990629,32.757884,'on','bin');
INSERT INTO Positions(employee_id,update_time,longitude,latitude,work_status,kind) VALUES("0000000051","2018-01-02 00:00:00",114.985172,32.750096,'on','bin');
INSERT INTO Positions(employee_id,update_time,longitude,latitude,work_status,kind) VALUES("0000000052","2018-01-02 00:00:00",114.990629,32.757884,'on','bin');
INSERT INTO Positions(employee_id,update_time,longitude,latitude,work_status,kind) VALUES("0000000053","2018-01-02 00:00:00",114.977172,32.750096,'on','bin');
INSERT INTO Positions(employee_id,update_time,longitude,latitude,work_status,kind) VALUES("0000000054","2018-01-02 00:00:00",114.973386,32.755709,'on','bin');
INSERT INTO Positions(employee_id,update_time,longitude,latitude,work_status,kind) VALUES("0000000055","2018-01-02 00:00:00",114.984453,32.757015,'on','bin');
INSERT INTO Positions(employee_id,update_time,longitude,latitude,work_status,kind) VALUES("0000000056","2018-01-02 00:00:00",114.974321,32.758351,'on','bin');
INSERT INTO Bosses(boss_id,boss_name,phone,kind,gender,age,area) VALUES("1000000001","陈总","15855187755","人员管理","男",40,"市中心区");
INSERT INTO Bosses(boss_id,boss_name,phone,kind,gender,age,area) VALUES("1000000002","田总","11122223333","设备管理","男",40,"市中心区");
INSERT INTO Users(username,password) VALUES("root1","123456");
INSERT INTO Users(username,password) VALUES("root2","123456");
INSERT INTO Users(username,password) VALUES("root3","123456");
INSERT INTO Bins(employee_id,bin_name,current_v,max_v,area,temperature,boss_id) VALUES("0000000049","1区",0,100,"市中心区","40","1000000002");
INSERT INTO Bins(employee_id,bin_name,current_v,max_v,area,temperature,boss_id) VALUES("0000000050","2区",0,100,"市中心区","40","1000000002");
INSERT INTO Bins(employee_id,bin_name,current_v,max_v,area,temperature,boss_id) VALUES("0000000051","3区",0,100,"市中心区","40","1000000002");
INSERT INTO Bins(employee_id,bin_name,current_v,max_v,area,temperature,boss_id) VALUES("0000000052","4区",0,100,"市中心区","40","1000000002");
INSERT INTO Bins(employee_id,bin_name,current_v,max_v,area,temperature,boss_id) VALUES("0000000053","5区",0,100,"市中心区","40","1000000002");
INSERT INTO Bins(employee_id,bin_name,current_v,max_v,area,temperature,boss_id) VALUES("0000000054","6区",0,100,"市中心区","40","1000000002");
INSERT INTO Bins(employee_id,bin_name,current_v,max_v,area,temperature,boss_id) VALUES("0000000055","7区",0,100,"市中心区","40","1000000002");
INSERT INTO Bins(employee_id,bin_name,current_v,max_v,area,temperature,boss_id) VALUES("0000000056","8区",0,100,"市中心区","40","1000000002");
INSERT INTO Cars(employee_id,car_name,phone,car_number,car_type,kind,gender,age,area,boss_id) VALUES("0000000001","李文军","12345678901","豫A12345","大型车","男",40,"市中心区域","1000000001");
INSERT INTO Cars(employee_id,car_name,phone,car_number,car_type,kind,gender,age,area,boss_id) VALUES("0000000002","李文军","12345678901","豫A12345","大型车","男",40,"市中心区域","1000000001");
INSERT INTO Cars(employee_id,car_name,phone,car_number,car_type,kind,gender,age,area,boss_id) VALUES("0000000003","李文军","12345678901","豫A12345","大型车","男",40,"市中心区域","1000000001");
INSERT INTO Cars(employee_id,car_name,phone,car_number,car_type,kind,gender,age,area,boss_id) VALUES("0000000004","李文军","12345678901","豫A12345","大型车","男",40,"市中心区域","1000000001");
INSERT INTO Cars(employee_id,car_name,phone,car_number,car_type,kind,gender,age,area,boss_id) VALUES("0000000005","李文军","12345678901","豫A12345","大型车","男",40,"市中心区域","1000000001");
INSERT INTO Cars(employee_id,car_name,phone,car_number,car_type,kind,gender,age,area,boss_id) VALUES("0000000006","李文军","12345678901","豫A12345","大型车","男",40,"市中心区域","1000000001");
INSERT INTO Cars(employee_id,car_name,phone,car_number,car_type,kind,gender,age,area,boss_id) VALUES("0000000007","李文军","12345678901","豫A12345","大型车","男",40,"市中心区域","1000000001");
INSERT INTO Cars(employee_id,car_name,phone,car_number,car_type,kind,gender,age,area,boss_id) VALUES("0000000008","李文军","12345678901","豫A12345","大型车","男",40,"市中心区域","1000000001");
INSERT INTO Cars(employee_id,car_name,phone,car_number,car_type,kind,gender,age,area,boss_id) VALUES("0000000009","李文军","12345678901","豫A12345","大型车","男",40,"市中心区域","1000000001");
INSERT INTO Cars(employee_id,car_name,phone,car_number,car_type,kind,gender,age,area,boss_id) VALUES("0000000010","李文军","12345678901","豫A12345","大型车","男",40,"市中心区域","1000000001");
INSERT INTO Persons(employee_id,person_name,phone,job,kind,gender,age,area,boss_id) VALUES("0000000011","李阳","12345678901","一级工人","扫地","女",35,"市中心区域","1000000001");
INSERT INTO Persons(employee_id,person_name,phone,job,kind,gender,age,area,boss_id) VALUES("0000000012","李阳","12345678901","一级工人","扫地","女",35,"市中心区域","1000000001");
INSERT INTO Persons(employee_id,person_name,phone,job,kind,gender,age,area,boss_id) VALUES("0000000013","李阳","12345678901","一级工人","扫地","女",35,"市中心区域","1000000001");
INSERT INTO Persons(employee_id,person_name,phone,job,kind,gender,age,area,boss_id) VALUES("0000000015","李阳","12345678901","一级工人","扫地","女",35,"市中心区域","1000000001");
INSERT INTO Persons(employee_id,person_name,phone,job,kind,gender,age,area,boss_id) VALUES("0000000016","李阳","12345678901","一级工人","扫地","女",35,"市中心区域","1000000001");
INSERT INTO Persons(employee_id,person_name,phone,job,kind,gender,age,area,boss_id) VALUES("0000000017","李阳","12345678901","一级工人","扫地","女",35,"市中心区域","1000000001");
INSERT INTO Persons(employee_id,person_name,phone,job,kind,gender,age,area,boss_id) VALUES("0000000018","李阳","12345678901","一级工人","扫地","女",35,"市中心区域","1000000001");
INSERT INTO Persons(employee_id,person_name,phone,job,kind,gender,age,area,boss_id) VALUES("0000000019","李阳","12345678901","一级工人","扫地","女",35,"市中心区域","1000000001");
INSERT INTO Persons(employee_id,person_name,phone,job,kind,gender,age,area,boss_id) VALUES("0000000020","李阳","12345678901","一级工人","扫地","女",35,"市中心区域","1000000001");
INSERT INTO Persons(employee_id,person_name,phone,job,kind,gender,age,area,boss_id) VALUES("0000000021","李阳","12345678901","一级工人","扫地","女",35,"市中心区域","1000000001");
INSERT INTO Persons(employee_id,person_name,phone,job,kind,gender,age,area,boss_id) VALUES("0000000022","李阳","12345678901","一级工人","扫地","女",35,"市中心区域","1000000001");
INSERT INTO Persons(employee_id,person_name,phone,job,kind,gender,age,area,boss_id) VALUES("0000000023","李阳","12345678901","一级工人","扫地","女",35,"市中心区域","1000000001");
INSERT INTO Persons(employee_id,person_name,phone,job,kind,gender,age,area,boss_id) VALUES("0000000024","李阳","12345678901","一级工人","扫地","女",35,"市中心区域","1000000001");
INSERT INTO Persons(employee_id,person_name,phone,job,kind,gender,age,area,boss_id) VALUES("0000000025","李阳","12345678901","一级工人","扫地","女",35,"市中心区域","1000000001");
INSERT INTO Persons(employee_id,person_name,phone,job,kind,gender,age,area,boss_id) VALUES("0000000026","李阳","12345678901","一级工人","扫地","女",35,"市中心区域","1000000001");
INSERT INTO Persons(employee_id,person_name,phone,job,kind,gender,age,area,boss_id) VALUES("0000000027","李阳","12345678901","一级工人","扫地","女",35,"市中心区域","1000000001");
INSERT INTO Persons(employee_id,person_name,phone,job,kind,gender,age,area,boss_id) VALUES("0000000028","李阳","12345678901","一级工人","扫地","女",35,"市中心区域","1000000001");
INSERT INTO Persons(employee_id,person_name,phone,job,kind,gender,age,area,boss_id) VALUES("0000000029","李阳","12345678901","一级工人","扫地","女",35,"市中心区域","1000000001");
INSERT INTO Persons(employee_id,person_name,phone,job,kind,gender,age,area,boss_id) VALUES("0000000030","李阳","12345678901","一级工人","扫地","女",35,"市中心区域","1000000001");
INSERT INTO Persons(employee_id,person_name,phone,job,kind,gender,age,area,boss_id) VALUES("0000000031","李阳","12345678901","一级工人","扫地","女",35,"市中心区域","1000000001");
INSERT INTO Persons(employee_id,person_name,phone,job,kind,gender,age,area,boss_id) VALUES("0000000032","李阳","12345678901","一级工人","扫地","女",35,"市中心区域","1000000001");
INSERT INTO Persons(employee_id,person_name,phone,job,kind,gender,age,area,boss_id) VALUES("0000000033","李阳","12345678901","一级工人","扫地","女",35,"市中心区域","1000000001");
INSERT INTO Persons(employee_id,person_name,phone,job,kind,gender,age,area,boss_id) VALUES("0000000034","李阳","12345678901","一级工人","扫地","女",35,"市中心区域","1000000001");
INSERT INTO Persons(employee_id,person_name,phone,job,kind,gender,age,area,boss_id) VALUES("0000000035","李阳","12345678901","一级工人","扫地","女",35,"市中心区域","1000000001");
INSERT INTO Persons(employee_id,person_name,phone,job,kind,gender,age,area,boss_id) VALUES("0000000036","李阳","12345678901","一级工人","扫地","女",35,"市中心区域","1000000001");
INSERT INTO Persons(employee_id,person_name,phone,job,kind,gender,age,area,boss_id) VALUES("0000000037","李阳","12345678901","一级工人","扫地","女",35,"市中心区域","1000000001");
INSERT INTO Persons(employee_id,person_name,phone,job,kind,gender,age,area,boss_id) VALUES("0000000038","李阳","12345678901","一级工人","扫地","女",35,"市中心区域","1000000001");
INSERT INTO Persons(employee_id,person_name,phone,job,kind,gender,age,area,boss_id) VALUES("0000000039","李阳","12345678901","一级工人","扫地","女",35,"市中心区域","1000000001");
INSERT INTO Persons(employee_id,person_name,phone,job,kind,gender,age,area,boss_id) VALUES("0000000040","李阳","12345678901","一级工人","扫地","女",35,"市中心区域","1000000001");
INSERT INTO Persons(employee_id,person_name,phone,job,kind,gender,age,area,boss_id) VALUES("0000000041","李阳","12345678901","一级工人","扫地","女",35,"市中心区域","1000000001");
INSERT INTO Persons(employee_id,person_name,phone,job,kind,gender,age,area,boss_id) VALUES("0000000042","李阳","12345678901","一级工人","扫地","女",35,"市中心区域","1000000001");
INSERT INTO Persons(employee_id,person_name,phone,job,kind,gender,age,area,boss_id) VALUES("0000000043","李阳","12345678901","一级工人","扫地","女",35,"市中心区域","1000000001");
INSERT INTO Persons(employee_id,person_name,phone,job,kind,gender,age,area,boss_id) VALUES("0000000044","李阳","12345678901","一级工人","扫地","女",35,"市中心区域","1000000001");
INSERT INTO Persons(employee_id,person_name,phone,job,kind,gender,age,area,boss_id) VALUES("0000000045","李阳","12345678901","一级工人","扫地","女",35,"市中心区域","1000000001");
INSERT INTO Persons(employee_id,person_name,phone,job,kind,gender,age,area,boss_id) VALUES("0000000046","李阳","12345678901","一级工人","扫地","女",35,"市中心区域","1000000001");
INSERT INTO Persons(employee_id,person_name,phone,job,kind,gender,age,area,boss_id) VALUES("0000000047","李阳","12345678901","一级工人","扫地","女",35,"市中心区域","1000000001");
INSERT INTO Persons(employee_id,person_name,phone,job,kind,gender,age,area,boss_id) VALUES("0000000048","李阳","12345678901","一级工人","扫地","女",35,"市中心区域","1000000001");

